engine,seed,repeat,start_node,success,valid,within_tolerance,distance_m,error_m,fitness,wall_ms,path_sha256
greedy,777,0,278302522,1,1,0,2306.38393124,2693.61606876,0.196326007375,1.522542,b5c17efb0e73862525bf5009e15bf836fa9e1628ddb3e55f1caa01cfd9edc410
hybrid,777,0,278302522,1,1,0,3165.99130397,1834.00869603,0.317419810541,1.091209,4853dfb0b366cc3bce21083779ae8e029d81607775faddd0eb61bffd7b7a021d
greedy,777,0,8837648136,1,1,0,1607.61389568,3392.38610432,0.297269352326,1.109083,ae2ce1a42ea2ac4b90aca7d4ecabcb2ad0891b6f2bbe39bb306c031d1b55a603
hybrid,777,0,8837648136,1,1,0,1607.61389568,3392.38610432,0.297269352326,0.653292,ae2ce1a42ea2ac4b90aca7d4ecabcb2ad0891b6f2bbe39bb306c031d1b55a603
greedy,777,0,9946897002,1,1,1,5027.72329037,27.7232903708,0.361204474406,2.702583,900b4e5d9a7893e395e7bc3835754d79fbc1b05bbe739f04566474ea7ed36f9c
hybrid,777,0,9946897002,1,1,1,4988.48016023,11.5198397725,0.407771338705,9.770458,b359f1beccc06fe1a87965f61de889c10ca7598b4be15bcd6982e2d2b5475b16
greedy,777,0,314023765,1,1,0,1722.97244951,3277.02755049,0.173899231403,2.13025,5ea790f63ca5890907499f00104731dd666369b94a291d2e88cfe758dbd0e470
hybrid,777,0,314023765,1,1,1,5040.03884168,40.0388416844,0.322634810431,9.152125,72def6829e73f9b761120bd6ef35db9b994dfeffe8e7d53448c8da034f70d0dd
greedy,777,0,3485938173,0,0,0,0,0,0,1.337167,e3b0c44298fc1c149afbf4c8996fb92427ae41e4649b934ca495991b7852b855
hybrid,777,0,3485938173,0,0,0,0,0,0,0.822583,e3b0c44298fc1c149afbf4c8996fb92427ae41e4649b934ca495991b7852b855
greedy,777,0,1334768065,1,1,1,5136.61615547,136.616155472,0.306442458922,1.12825,9c6c66e0fb6c64d1646e9a01c644cd9c949ec5589d442ff3e3c649ebb27da5a8
hybrid,777,0,1334768065,1,1,1,5234.69000204,234.690002038,0.445213325372,2.691958,7095b0cad9a9bce33650c882bc8f7ba9785f98d05141e820cf7f614efd2bd2df
greedy,777,0,2476800295,1,1,0,3496.10190966,1503.89809034,0.150032252064,3.273667,10e4e625cec74d271fbc9e397ee58ed3b8c9ec8913f47e9933ef97b827777093
hybrid,777,0,2476800295,1,1,1,4942.71056686,57.2894331403,0.303368557529,6.923,4293f0504b0537edf5f6e441a8c72c1f7f33da0e92817da3304bad515b8053ae
greedy,777,0,597453542,0,0,0,0,0,0,1.482458,e3b0c44298fc1c149afbf4c8996fb92427ae41e4649b934ca495991b7852b855
hybrid,777,0,597453542,0,0,0,0,0,0,0.834542,e3b0c44298fc1c149afbf4c8996fb92427ae41e4649b934ca495991b7852b855
greedy,777,0,459514318,1,1,0,1528.41326565,3471.58673435,0.302668397671,2.407084,3db75ca3e0a0ad189fbaadb49022fa6c7bfcf11bc9ebd5b0e000064d9f1a7421
hybrid,777,0,459514318,1,1,1,5022.06555276,22.0655527582,0.315749387453,7.28125,6dd400cc05346f5048cafe5275aeb38a36323cbae86fceb1f6773aa3bd7b23e7
greedy,777,0,486424567,1,1,1,5153.02184274,153.021842738,0.405878395335,3.81025,43bfd91bbc64a7aff2441d06ee2f19a74b8dd7a0ddd4db38904c693f14c49774
hybrid,777,0,486424567,1,1,1,5133.49668112,133.496681119,0.386225378217,16.777042,109d21425c6bc7fa9e43c8f97ae8b118c4a84e44e4f24c517d804ab9d9b73c44
greedy,777,0,313295740,1,1,1,4884.34924175,115.650758246,0.401430057882,1.895583,f72e2397ec58fb9300a9519f63a7f86532dbb3e9f035531dcb0812af9a8a4f59
hybrid,777,0,313295740,1,1,1,4884.34924175,115.650758246,0.401430057882,3.358125,f72e2397ec58fb9300a9519f63a7f86532dbb3e9f035531dcb0812af9a8a4f59
greedy,777,0,9809119298,0,0,0,0,0,0,2.015125,e3b0c44298fc1c149afbf4c8996fb92427ae41e4649b934ca495991b7852b855
hybrid,777,0,9809119298,1,1,1,4789.91892457,210.081075428,0.4629841897,2.355583,787807e540cf2bec90b98d7279ecb86ed5c645b0fcd3ccfe3223b3b83a70ddf3
greedy,777,0,248928549,1,1,1,5359.50923357,359.509233567,0.3588153473,2.230708,1915741869f6236b87929828506245c72f35ff6447f7a7c938dc45d524807ec3
hybrid,777,0,248928549,1,1,1,4996.62058925,3.3794107538,0.418249092022,8.762416,ce5325ccc6f50796bbd1f6f888eff15821488727b2828ae7d380403e935d0452
greedy,777,0,2354394561,0,0,0,0,0,0,4.874708,e3b0c44298fc1c149afbf4c8996fb92427ae41e4649b934ca495991b7852b855
hybrid,777,0,2354394561,1,1,0,3601.00399871,1398.99600129,0.556801957463,4.651042,7c78e84a372a09d0fd4217b982e24723c66f29741ad3796539cb388bcb9b29fc
greedy,777,0,567463764,1,1,0,2420.02219486,2579.97780514,0.339777930471,3.431875,1a1de44ed3c305d19ac453a4219b36c3626a78d42ba05a7d1571d6acc012b051
hybrid,777,0,567463764,1,1,0,2420.02219486,2579.97780514,0.333579640211,2.291292,c37218405fe4574248b625f8fae2f6bddc8df66177d334b0147e546f75b762dd
greedy,777,0,2683287960,0,0,0,0,0,0,2.408542,e3b0c44298fc1c149afbf4c8996fb92427ae41e4649b934ca495991b7852b855
hybrid,777,0,2683287960,1,1,1,4897.58897092,102.411029075,0.341847299944,1.777667,b418acff64eaf5860275d96908795fb1469aad694ce8d05edc6b1c953f2fec70
greedy,777,0,7698496644,0,0,0,0,0,0,1.855125,e3b0c44298fc1c149afbf4c8996fb92427ae41e4649b934ca495991b7852b855
hybrid,777,0,7698496644,0,0,0,0,0,0,0.993,e3b0c44298fc1c149afbf4c8996fb92427ae41e4649b934ca495991b7852b855
greedy,777,0,246235212,0,0,0,0,0,0,1.595375,e3b0c44298fc1c149afbf4c8996fb92427ae41e4649b934ca495991b7852b855
hybrid,777,0,246235212,0,0,0,0,0,0,19.110042,e3b0c44298fc1c149afbf4c8996fb92427ae41e4649b934ca495991b7852b855
greedy,777,0,6229409992,1,1,1,5110.2413441,110.241344104,0.353862330349,1.224959,abc4817f044cbdad55f984069cf779e78f8ce2080e6d4075e0ede9c647f383ee
hybrid,777,0,6229409992,1,1,0,2004.72805719,2995.27194281,0.392016741442,0.720708,c46b99076c01b73da409f96186a17ccd4c5a0c301a65d07db19005b268bda394
greedy,777,0,270911813,0,0,0,0,0,0,1.931041,e3b0c44298fc1c149afbf4c8996fb92427ae41e4649b934ca495991b7852b855
hybrid,777,0,270911813,1,1,0,3816.79662091,1183.20337909,0.375682589442,2.153333,0c826fe715072ccb10f875a4063b36ec9157cd425146beea30e7587033b5f6b0
greedy,777,0,2652741715,1,1,0,1834.31063414,3165.68936586,0.384772068954,1.822791,b5807ec93efd35afdb545646653db2eafb219f3e5f6411693dfadf1cb2f49256
hybrid,777,0,2652741715,1,1,1,4651.28565631,348.714343694,0.502588863787,2.518666,7fd88c138fcf42140aa2f66ac533f448ec58de733e68a92e74c170643e8a26ee
greedy,778,0,278302522,1,1,0,2806.83003404,2193.16996596,0.191291861183,1.518584,6f756fad274a471336f2ea6274f516d93adbd740c0d2b9372aee7f454c271d78
hybrid,778,0,278302522,1,1,0,2956.17164931,2043.82835069,0.339583323779,1.131333,616833ef40858130d88d44ac4495663ceeb77d972df4e05a9385a7fc71d1754e
greedy,778,0,8837648136,1,1,0,1607.61389568,3392.38610432,0.297269352326,1.127459,ae2ce1a42ea2ac4b90aca7d4ecabcb2ad0891b6f2bbe39bb306c031d1b55a603
hybrid,778,0,8837648136,1,1,0,1607.61389568,3392.38610432,0.297269352326,0.653459,ae2ce1a42ea2ac4b90aca7d4ecabcb2ad0891b6f2bbe39bb306c031d1b55a603
greedy,778,0,9946897002,1,1,1,4646.63245337,353.36754663,0.369154401823,2.315,76b74006b3efba0c52a6450fd2feb35205879939d22029a5b720c604e738412d
hybrid,778,0,9946897002,1,1,1,5018.14661089,18.1466108865,0.418868852629,9.52375,7477d00fb10c642baf2774a20c659caeafddfc26ea172362dcabba1aba6711f0
greedy,778,0,314023765,1,1,0,2863.24055325,2136.75944675,0.300323462267,2.065625,14ac973c1ddd7b247dcf22c81b305a18bb677863981d6bdacdc085f7230065ed
hybrid,778,0,314023765,1,1,1,4897.90547649,102.094523513,0.343183216314,8.465166,4cd2f682002c7fb569606527623b7dc7d50a7ef6b864cd2cdf62d74e35128cd6
greedy,778,0,3485938173,0,0,0,0,0,0,1.373708,e3b0c44298fc1c149afbf4c8996fb92427ae41e4649b934ca495991b7852b855
hybrid,778,0,3485938173,0,0,0,0,0,0,0.892208,e3b0c44298fc1c149afbf4c8996fb92427ae41e4649b934ca495991b7852b855
greedy,778,0,1334768065,0,0,0,0,0,0,1.314708,e3b0c44298fc1c149afbf4c8996fb92427ae41e4649b934ca495991b7852b855
hybrid,778,0,1334768065,1,1,1,5001.64499689,1.64499689259,0.408834902267,2.6225,54f9d1771c891c2d43be6a60e39808cd6ed01956073cc68c094dd593dc5c906c
greedy,778,0,2476800295,1,1,0,3268.99554591,1731.00445409,0.166935211283,3.304917,056cad2090d0e5e355711c006a670511d31ae975a5427d56116d8593bf0d5cc3
hybrid,778,0,2476800295,1,1,1,4942.71056686,57.2894331403,0.303368557529,7.650834,4293f0504b0537edf5f6e441a8c72c1f7f33da0e92817da3304bad515b8053ae
greedy,778,0,597453542,0,0,0,0,0,0,1.493042,e3b0c44298fc1c149afbf4c8996fb92427ae41e4649b934ca495991b7852b855
hybrid,778,0,597453542,0,0,0,0,0,0,0.820833,e3b0c44298fc1c149afbf4c8996fb92427ae41e4649b934ca495991b7852b855
greedy,778,0,459514318,1,1,0,1571.88133893,3428.11866107,0.306466101738,2.0765,84dea3a04fc1b38664b4ca8a8a920c97a5b22f3139698934569914dfb87306aa
hybrid,778,0,459514318,1,1,1,5041.15563259,41.1556325922,0.306816294549,6.474334,90e6d30400c7e96e399271f67fd0778039469b58ebab581b23e25f7800da6016
greedy,778,0,486424567,1,1,1,5385.71055392,385.710553925,0.315170186285,4.154292,413a1c4110cd926b3d224c9ef46921602074b7c69e8ac132bfd4135ab1acdfc5
hybrid,778,0,486424567,1,1,1,4950.3337517,49.6662482952,0.391210322433,19.118125,4c191004df02a03317358f90591472250b4c6189ce7739506c0a5465b227e6e3
greedy,778,0,313295740,1,1,1,4830.88279336,169.117206638,0.398270470387,1.759375,0c1322ea2afaab87299f4121027df2ce4a16f7601b51a279f70a03be45ec4ff0
hybrid,778,0,313295740,1,1,1,4958.18066182,41.8193381824,0.404088013575,3.125125,679c9a34bd862411b55f4766757054ec3316222eef46a9f0766e1efdbdc74e00
greedy,778,0,9809119298,0,0,0,0,0,0,1.883042,e3b0c44298fc1c149afbf4c8996fb92427ae41e4649b934ca495991b7852b855
hybrid,778,0,9809119298,1,1,1,5138.15228901,138.152289012,0.437153761242,2.186125,c37ea936ef52409ff4a79653303bbd30fb96043d8b6b9097175b063794539e5e
greedy,778,0,248928549,1,1,1,4794.02452888,205.975471119,0.349166634003,1.9885,559dc0b3cbee42323bb68c5d1cac66f4385a428e8b03c7533b0b2638c6ce2495
hybrid,778,0,248928549,1,1,1,4996.62058925,3.3794107538,0.418249092022,9.564083,506de85481602a2a42bcc72805ca41ae552ab33071400ce475d78a48a5872459
greedy,778,0,2354394561,0,0,0,0,0,0,3.152167,e3b0c44298fc1c149afbf4c8996fb92427ae41e4649b934ca495991b7852b855
hybrid,778,0,2354394561,0,0,0,0,0,0,5.056666,e3b0c44298fc1c149afbf4c8996fb92427ae41e4649b934ca495991b7852b855
greedy,778,0,567463764,1,1,0,2544.41962429,2455.58037571,0.34627631876,3.17425,fdc1389d984ba6cba135c9712f038c072fea976d87033d5eff3c92959f095d84
hybrid,778,0,567463764,0,0,0,0,0,0,2.113917,e3b0c44298fc1c149afbf4c8996fb92427ae41e4649b934ca495991b7852b855
greedy,778,0,2683287960,0,0,0,0,0,0,2.346375,e3b0c44298fc1c149afbf4c8996fb92427ae41e4649b934ca495991b7852b855
hybrid,778,0,2683287960,1,1,1,4703.42195211,296.578047894,0.321290032049,1.865083,2708c7cd5a9117848101bffb2f14d4a28fbb63e5e67f9ab24363f52e80bf353a
greedy,778,0,7698496644,1,1,0,1544.82597714,3455.17402286,0.337727886714,1.802167,b9506e3db50e8113f75cff5858de19dd377d8701c5ca3b494fc1ec548e9aa468
hybrid,778,0,7698496644,0,0,0,0,0,0,1.021375,e3b0c44298fc1c149afbf4c8996fb92427ae41e4649b934ca495991b7852b855
greedy,778,0,246235212,0,0,0,0,0,0,1.540541,e3b0c44298fc1c149afbf4c8996fb92427ae41e4649b934ca495991b7852b855
hybrid,778,0,246235212,0,0,0,0,0,0,15.8425,e3b0c44298fc1c149afbf4c8996fb92427ae41e4649b934ca495991b7852b855
greedy,778,0,6229409992,1,1,1,5089.40961043,89.4096104257,0.35720587424,1.215583,37f6534758428e2de59c68b5480aa62aacb444106be9819368f29c0e9b4f8665
hybrid,778,0,6229409992,1,1,1,4548.87364075,451.126359248,0.361991667022,0.70125,65287537a8be8417be5f34bfc7f97c484472557daf5fb1e3cedc9a6cfcd07960
greedy,778,0,270911813,0,0,0,0,0,0,1.994875,e3b0c44298fc1c149afbf4c8996fb92427ae41e4649b934ca495991b7852b855
hybrid,778,0,270911813,1,1,0,3635.15428679,1364.84571321,0.385252416126,2.502625,e86cf5b072564e574532a1a1e1d6827b78937ba6585fbb694f631239ef2a8b34
greedy,778,0,2652741715,0,0,0,0,0,0,1.604666,e3b0c44298fc1c149afbf4c8996fb92427ae41e4649b934ca495991b7852b855
hybrid,778,0,2652741715,1,1,1,4759.26610557,240.733894428,0.483946860423,2.686334,696ca95b39be1bbff66bdc78956d65457689785c63c2a5c1eb4d7e7d78c7621f
greedy,779,0,278302522,1,1,0,2236.96398043,2763.03601957,0.261440232951,1.538959,df4bc311ef5bf5fdfcaed859e27a62ca84c653c7dcc1000c5739fa5f8a79258f
hybrid,779,0,278302522,1,1,0,2994.24019172,2005.75980828,0.343402798586,1.180708,b4b8ce87a2e4e4b0819b95ff803884215ef60ea62a50b98c91cc364015c3b1b1
greedy,779,0,8837648136,1,1,0,1607.61389568,3392.38610432,0.297269352326,1.121167,ae2ce1a42ea2ac4b90aca7d4ecabcb2ad0891b6f2bbe39bb306c031d1b55a603
hybrid,779,0,8837648136,0,0,0,0,0,0,0.653708,e3b0c44298fc1c149afbf4c8996fb92427ae41e4649b934ca495991b7852b855
greedy,779,0,9946897002,1,1,1,5147.08533115,147.08533115,0.384451196393,3.007,2bd2af08c95c7be1baceb330395caac638fef1c46c56645ac4be8f67f02c4775
hybrid,779,0,9946897002,1,1,1,5146.30382701,146.303827006,0.422420861525,8.662208,6c58ea08d250054fcb752251a30c6195fbf1eacec8da1f825d03705b00375ac8
greedy,779,0,314023765,1,1,0,2965.52984906,2034.47015094,0.320972527497,2.334333,a6655c8bc2c3b10dc579234371fc0972c2ec22138a22ad84b89f39dec0783931
hybrid,779,0,314023765,1,1,1,4947.96514527,52.0348547263,0.34208965807,9.322333,5b8ba4827e792612a64657c561a4ec4036a4841306b4052369be34dc501d3424
greedy,779,0,3485938173,0,0,0,0,0,0,1.332209,e3b0c44298fc1c149afbf4c8996fb92427ae41e4649b934ca495991b7852b855
hybrid,779,0,3485938173,0,0,0,0,0,0,0.849834,e3b0c44298fc1c149afbf4c8996fb92427ae41e4649b934ca495991b7852b855
greedy,779,0,1334768065,1,1,1,5210.7464308,210.746430805,0.424886118462,1.2565,73948ff3989e723f499d10a6518fb86df958988215e28d74ed27683d76fab220
hybrid,779,0,1334768065,1,1,1,5234.69000204,234.690002038,0.445213325372,2.466167,7095b0cad9a9bce33650c882bc8f7ba9785f98d05141e820cf7f614efd2bd2df
greedy,779,0,2476800295,1,1,0,3195.05804136,1804.94195864,0.158812731568,3.46225,2bf192e339ed59d4002ae8f80d22cce0bf2944fa70d577a7ad3974b1d19dce35
hybrid,779,0,2476800295,1,1,1,5142.34780588,142.347805878,0.29084823582,6.524333,8488ce957ed3b2223e1e9f280ac1ef84eeb5d84886e4463d336378ef16525023
greedy,779,0,597453542,0,0,0,0,0,0,1.5375,e3b0c44298fc1c149afbf4c8996fb92427ae41e4649b934ca495991b7852b855
hybrid,779,0,597453542,0,0,0,0,0,0,0.801917,e3b0c44298fc1c149afbf4c8996fb92427ae41e4649b934ca495991b7852b855
greedy,779,0,459514318,1,1,0,1571.88133893,3428.11866107,0.306466101738,2.312458,84dea3a04fc1b38664b4ca8a8a920c97a5b22f3139698934569914dfb87306aa
hybrid,779,0,459514318,1,1,1,5041.15563259,41.1556325922,0.306816294549,7.5315,a6dbd1b9dd4c80558fe8bf958ab4d0624b2f969e43d9b1e0d6f4ab34079b22f4
greedy,779,0,486424567,1,1,1,4687.53873864,312.461261362,0.372253800203,3.911458,b034087661676cc81c438a00b634fb3dea748df31793f2ec8cfbe8ef9bbcc938
hybrid,779,0,486424567,1,1,1,4950.98349517,49.0165048279,0.389914039968,19.332959,af3bdd7a9e1ea56fd24264592c07d6e4eea1d9998f712517aa689692a3d4a14a
greedy,779,0,313295740,1,1,1,5050.91791209,50.9179120914,0.396328164885,2.181375,474c8c9859af41bad063bbfe1d71322f985664bd5f2b5345aa47e8f5ef3c2f4e
hybrid,779,0,313295740,1,1,1,4744.38007179,255.61992821,0.402469676981,3.030208,d3117537fcfa125319a7094be1c66ff8803f2b2c8019ea5086f286a0921c057d
greedy,779,0,9809119298,0,0,0,0,0,0,1.882542,e3b0c44298fc1c149afbf4c8996fb92427ae41e4649b934ca495991b7852b855
hybrid,779,0,9809119298,1,1,1,5029.30849954,29.3084995355,0.430971062967,2.653208,3f556ac962d7b643ea981527f36e6a9560e2bb31efaa1367cd893247144ebb3a
greedy,779,0,248928549,1,1,1,4849.49156593,150.508434071,0.348902698485,2.084459,6a887069f68d8c04c5a0b2f89cbb2410901c351aeb6d01ecadacc1740e1c2b37
hybrid,779,0,248928549,1,1,1,4943.23564834,56.7643516643,0.418014191034,9.984333,7fb3729c4c141c603ce31b110e3f8621deefbfff319b9e5c72ff3a5ef5a7c02e
greedy,779,0,2354394561,0,0,0,0,0,0,3.150334,e3b0c44298fc1c149afbf4c8996fb92427ae41e4649b934ca495991b7852b855
hybrid,779,0,2354394561,1,1,0,3759.71380538,1240.28619462,0.548116042034,6.572417,0e56ee2dc6e524eb1925668a37d9f9a67d18624a74846726b80dea1ab37b805b
greedy,779,0,567463764,1,1,0,2420.02219486,2579.97780514,0.339777930471,3.693791,1a1de44ed3c305d19ac453a4219b36c3626a78d42ba05a7d1571d6acc012b051
hybrid,779,0,567463764,1,1,0,2420.02219486,2579.97780514,0.339777930471,2.538,1a1de44ed3c305d19ac453a4219b36c3626a78d42ba05a7d1571d6acc012b051
greedy,779,0,2683287960,0,0,0,0,0,0,2.288,e3b0c44298fc1c149afbf4c8996fb92427ae41e4649b934ca495991b7852b855
hybrid,779,0,2683287960,1,1,1,4897.58897092,102.411029075,0.341847299944,1.444875,b418acff64eaf5860275d96908795fb1469aad694ce8d05edc6b1c953f2fec70
greedy,779,0,7698496644,0,0,0,0,0,0,2.036125,e3b0c44298fc1c149afbf4c8996fb92427ae41e4649b934ca495991b7852b855
hybrid,779,0,7698496644,0,0,0,0,0,0,1.150708,e3b0c44298fc1c149afbf4c8996fb92427ae41e4649b934ca495991b7852b855
greedy,779,0,246235212,0,0,0,0,0,0,1.740291,e3b0c44298fc1c149afbf4c8996fb92427ae41e4649b934ca495991b7852b855
hybrid,779,0,246235212,0,0,0,0,0,0,18.805083,e3b0c44298fc1c149afbf4c8996fb92427ae41e4649b934ca495991b7852b855
greedy,779,0,6229409992,1,1,1,5089.40961043,89.4096104257,0.35720587424,1.459208,37f6534758428e2de59c68b5480aa62aacb444106be9819368f29c0e9b4f8665
hybrid,779,0,6229409992,1,1,1,4569.70537443,430.29462557,0.358230809115,0.757791,03930feb53f35a6d3d4f55e42490584274bffc66212aa0744bad45e48a5a9ef0
greedy,779,0,270911813,0,0,0,0,0,0,2.03975,e3b0c44298fc1c149afbf4c8996fb92427ae41e4649b934ca495991b7852b855
hybrid,779,0,270911813,1,1,0,4302.07288659,697.927113412,0.369245343682,2.702166,3510a7dc8e8dd3a99914c20267e1797fb0eae46b669e3ca284c01aceaf92b9ad
greedy,779,0,2652741715,0,0,0,0,0,0,1.589375,e3b0c44298fc1c149afbf4c8996fb92427ae41e4649b934ca495991b7852b855
hybrid,779,0,2652741715,1,1,1,4663.07329437,336.926705627,0.502253696519,2.628583,bbc1bafb56c62477325b7f6b347d32a264e3e65437e59f653cf5ee07c88022fa
hybrid,777,1,278302522,1,1,0,3165.99130397,1834.00869603,0.317419810541,1.767084,4853dfb0b366cc3bce21083779ae8e029d81607775faddd0eb61bffd7b7a021d
greedy,777,1,278302522,1,1,0,2306.38393124,2693.61606876,0.196326007375,0.840875,b5c17efb0e73862525bf5009e15bf836fa9e1628ddb3e55f1caa01cfd9edc410
hybrid,777,1,8837648136,1,1,0,1607.61389568,3392.38610432,0.297269352326,1.16025,ae2ce1a42ea2ac4b90aca7d4ecabcb2ad0891b6f2bbe39bb306c031d1b55a603
greedy,777,1,8837648136,1,1,0,1607.61389568,3392.38610432,0.297269352326,0.563875,ae2ce1a42ea2ac4b90aca7d4ecabcb2ad0891b6f2bbe39bb306c031d1b55a603
hybrid,777,1,9946897002,1,1,1,4988.48016023,11.5198397725,0.407771338705,10.537292,b359f1beccc06fe1a87965f61de889c10ca7598b4be15bcd6982e2d2b5475b16
greedy,777,1,9946897002,1,1,1,5027.72329037,27.7232903708,0.361204474406,2.320916,900b4e5d9a7893e395e7bc3835754d79fbc1b05bbe739f04566474ea7ed36f9c
hybrid,777,1,314023765,1,1,1,5040.03884168,40.0388416844,0.322634810431,10.436708,72def6829e73f9b761120bd6ef35db9b994dfeffe8e7d53448c8da034f70d0dd
greedy,777,1,314023765,1,1,0,1722.97244951,3277.02755049,0.173899231403,1.902792,5ea790f63ca5890907499f00104731dd666369b94a291d2e88cfe758dbd0e470
hybrid,777,1,3485938173,0,0,0,0,0,0,1.340625,e3b0c44298fc1c149afbf4c8996fb92427ae41e4649b934ca495991b7852b855
greedy,777,1,3485938173,0,0,0,0,0,0,0.909083,e3b0c44298fc1c149afbf4c8996fb92427ae41e4649b934ca495991b7852b855
hybrid,777,1,1334768065,1,1,1,5234.69000204,234.690002038,0.445213325372,3.061416,7095b0cad9a9bce33650c882bc8f7ba9785f98d05141e820cf7f614efd2bd2df
greedy,777,1,1334768065,1,1,1,5136.61615547,136.616155472,0.306442458922,0.64075,9c6c66e0fb6c64d1646e9a01c644cd9c949ec5589d442ff3e3c649ebb27da5a8
hybrid,777,1,2476800295,1,1,1,4942.71056686,57.2894331403,0.303368557529,8.173333,4293f0504b0537edf5f6e441a8c72c1f7f33da0e92817da3304bad515b8053ae
greedy,777,1,2476800295,1,1,0,3496.10190966,1503.89809034,0.150032252064,2.30875,10e4e625cec74d271fbc9e397ee58ed3b8c9ec8913f47e9933ef97b827777093
hybrid,777,1,597453542,0,0,0,0,0,0,1.534375,e3b0c44298fc1c149afbf4c8996fb92427ae41e4649b934ca495991b7852b855
greedy,777,1,597453542,0,0,0,0,0,0,0.853167,e3b0c44298fc1c149afbf4c8996fb92427ae41e4649b934ca495991b7852b855
hybrid,777,1,459514318,1,1,1,5022.06555276,22.0655527582,0.315749387453,8.216042,6dd400cc05346f5048cafe5275aeb38a36323cbae86fceb1f6773aa3bd7b23e7
greedy,777,1,459514318,1,1,0,1528.41326565,3471.58673435,0.302668397671,1.735833,3db75ca3e0a0ad189fbaadb49022fa6c7bfcf11bc9ebd5b0e000064d9f1a7421
hybrid,777,1,486424567,1,1,1,5133.49668112,133.496681119,0.386225378217,18.786958,109d21425c6bc7fa9e43c8f97ae8b118c4a84e44e4f24c517d804ab9d9b73c44
greedy,777,1,486424567,1,1,1,5153.02184274,153.021842738,0.405878395335,3.389958,43bfd91bbc64a7aff2441d06ee2f19a74b8dd7a0ddd4db38904c693f14c49774
hybrid,777,1,313295740,1,1,1,4884.34924175,115.650758246,0.401430057882,4.043833,f72e2397ec58fb9300a9519f63a7f86532dbb3e9f035531dcb0812af9a8a4f59
greedy,777,1,313295740,1,1,1,4884.34924175,115.650758246,0.401430057882,1.452417,f72e2397ec58fb9300a9519f63a7f86532dbb3e9f035531dcb0812af9a8a4f59
hybrid,777,1,9809119298,1,1,1,4789.91892457,210.081075428,0.4629841897,3.583709,787807e540cf2bec90b98d7279ecb86ed5c645b0fcd3ccfe3223b3b83a70ddf3
greedy,777,1,9809119298,0,0,0,0,0,0,2.097458,e3b0c44298fc1c149afbf4c8996fb92427ae41e4649b934ca495991b7852b855
hybrid,777,1,248928549,1,1,1,4996.62058925,3.3794107538,0.418249092022,9.806833,ce5325ccc6f50796bbd1f6f888eff15821488727b2828ae7d380403e935d0452
greedy,777,1,248928549,1,1,1,5359.50923357,359.509233567,0.3588153473,1.448084,1915741869f6236b87929828506245c72f35ff6447f7a7c938dc45d524807ec3
hybrid,777,1,2354394561,1,1,0,3601.00399871,1398.99600129,0.556801957463,5.782958,7c78e84a372a09d0fd4217b982e24723c66f29741ad3796539cb388bcb9b29fc
greedy,777,1,2354394561,0,0,0,0,0,0,3.388875,e3b0c44298fc1c149afbf4c8996fb92427ae41e4649b934ca495991b7852b855
hybrid,777,1,567463764,1,1,0,2420.02219486,2579.97780514,0.333579640211,3.24825,c37218405fe4574248b625f8fae2f6bddc8df66177d334b0147e546f75b762dd
greedy,777,1,567463764,1,1,0,2420.02219486,2579.97780514,0.339777930471,2.134875,1a1de44ed3c305d19ac453a4219b36c3626a78d42ba05a7d1571d6acc012b051
hybrid,777,1,2683287960,1,1,1,4897.58897092,102.411029075,0.341847299944,2.558666,b418acff64eaf5860275d96908795fb1469aad694ce8d05edc6b1c953f2fec70
greedy,777,1,2683287960,0,0,0,0,0,0,1.348791,e3b0c44298fc1c149afbf4c8996fb92427ae41e4649b934ca495991b7852b855
hybrid,777,1,7698496644,0,0,0,0,0,0,2.150208,e3b0c44298fc1c149afbf4c8996fb92427ae41e4649b934ca495991b7852b855
greedy,777,1,7698496644,0,0,0,0,0,0,1.356167,e3b0c44298fc1c149afbf4c8996fb92427ae41e4649b934ca495991b7852b855
hybrid,777,1,246235212,0,0,0,0,0,0,20.828667,e3b0c44298fc1c149afbf4c8996fb92427ae41e4649b934ca495991b7852b855
greedy,777,1,246235212,0,0,0,0,0,0,1.204333,e3b0c44298fc1c149afbf4c8996fb92427ae41e4649b934ca495991b7852b855
hybrid,777,1,6229409992,1,1,0,2004.72805719,2995.27194281,0.392016741442,1.143541,c46b99076c01b73da409f96186a17ccd4c5a0c301a65d07db19005b268bda394
greedy,777,1,6229409992,1,1,1,5110.2413441,110.241344104,0.353862330349,0.602625,abc4817f044cbdad55f984069cf779e78f8ce2080e6d4075e0ede9c647f383ee
hybrid,777,1,270911813,1,1,0,3816.79662091,1183.20337909,0.375682589442,3.134666,0c826fe715072ccb10f875a4063b36ec9157cd425146beea30e7587033b5f6b0
greedy,777,1,270911813,0,0,0,0,0,0,1.074292,e3b0c44298fc1c149afbf4c8996fb92427ae41e4649b934ca495991b7852b855
hybrid,777,1,2652741715,1,1,1,4651.28565631,348.714343694,0.502588863787,3.138792,7fd88c138fcf42140aa2f66ac533f448ec58de733e68a92e74c170643e8a26ee
greedy,777,1,2652741715,1,1,0,1834.31063414,3165.68936586,0.384772068954,0.836167,b5807ec93efd35afdb545646653db2eafb219f3e5f6411693dfadf1cb2f49256
hybrid,778,1,278302522,1,1,0,2956.17164931,2043.82835069,0.339583323779,1.911167,616833ef40858130d88d44ac4495663ceeb77d972df4e05a9385a7fc71d1754e
greedy,778,1,278302522,1,1,0,2806.83003404,2193.16996596,0.191291861183,1.049666,6f756fad274a471336f2ea6274f516d93adbd740c0d2b9372aee7f454c271d78
hybrid,778,1,8837648136,1,1,0,1607.61389568,3392.38610432,0.297269352326,1.221584,ae2ce1a42ea2ac4b90aca7d4ecabcb2ad0891b6f2bbe39bb306c031d1b55a603
greedy,778,1,8837648136,1,1,0,1607.61389568,3392.38610432,0.297269352326,0.719042,ae2ce1a42ea2ac4b90aca7d4ecabcb2ad0891b6f2bbe39bb306c031d1b55a603
hybrid,778,1,9946897002,1,1,1,5018.14661089,18.1466108865,0.418868852629,10.986334,7477d00fb10c642baf2774a20c659caeafddfc26ea172362dcabba1aba6711f0
greedy,778,1,9946897002,1,1,1,4646.63245337,353.36754663,0.369154401823,1.917458,76b74006b3efba0c52a6450fd2feb35205879939d22029a5b720c604e738412d
hybrid,778,1,314023765,1,1,1,4897.90547649,102.094523513,0.343183216314,9.620167,4cd2f682002c7fb569606527623b7dc7d50a7ef6b864cd2cdf62d74e35128cd6
greedy,778,1,314023765,1,1,0,2863.24055325,2136.75944675,0.300323462267,1.849833,14ac973c1ddd7b247dcf22c81b305a18bb677863981d6bdacdc085f7230065ed
hybrid,778,1,3485938173,0,0,0,0,0,0,1.396292,e3b0c44298fc1c149afbf4c8996fb92427ae41e4649b934ca495991b7852b855
greedy,778,1,3485938173,0,0,0,0,0,0,1.016083,e3b0c44298fc1c149afbf4c8996fb92427ae41e4649b934ca495991b7852b855
hybrid,778,1,1334768065,1,1,1,5001.64499689,1.64499689259,0.408834902267,2.890375,54f9d1771c891c2d43be6a60e39808cd6ed01956073cc68c094dd593dc5c906c
greedy,778,1,1334768065,0,0,0,0,0,0,0.698208,e3b0c44298fc1c149afbf4c8996fb92427ae41e4649b934ca495991b7852b855
hybrid,778,1,2476800295,1,1,1,4942.71056686,57.2894331403,0.303368557529,9.096167,4293f0504b0537edf5f6e441a8c72c1f7f33da0e92817da3304bad515b8053ae
greedy,778,1,2476800295,1,1,0,3268.99554591,1731.00445409,0.166935211283,2.495375,056cad2090d0e5e355711c006a670511d31ae975a5427d56116d8593bf0d5cc3
hybrid,778,1,597453542,0,0,0,0,0,0,1.425667,e3b0c44298fc1c149afbf4c8996fb92427ae41e4649b934ca495991b7852b855
greedy,778,1,597453542,0,0,0,0,0,0,0.730042,e3b0c44298fc1c149afbf4c8996fb92427ae41e4649b934ca495991b7852b855
hybrid,778,1,459514318,1,1,1,5041.15563259,41.1556325922,0.306816294549,7.651,90e6d30400c7e96e399271f67fd0778039469b58ebab581b23e25f7800da6016
greedy,778,1,459514318,1,1,0,1571.88133893,3428.11866107,0.306466101738,1.45275,84dea3a04fc1b38664b4ca8a8a920c97a5b22f3139698934569914dfb87306aa
hybrid,778,1,486424567,1,1,1,4950.3337517,49.6662482952,0.391210322433,21.010959,4c191004df02a03317358f90591472250b4c6189ce7739506c0a5465b227e6e3
greedy,778,1,486424567,1,1,1,5385.71055392,385.710553925,0.315170186285,3.366417,413a1c4110cd926b3d224c9ef46921602074b7c69e8ac132bfd4135ab1acdfc5
hybrid,778,1,313295740,1,1,1,4958.18066182,41.8193381824,0.404088013575,4.005292,679c9a34bd862411b55f4766757054ec3316222eef46a9f0766e1efdbdc74e00
greedy,778,1,313295740,1,1,1,4830.88279336,169.117206638,0.398270470387,1.107917,0c1322ea2afaab87299f4121027df2ce4a16f7601b51a279f70a03be45ec4ff0
hybrid,778,1,9809119298,1,1,1,5138.15228901,138.152289012,0.437153761242,3.096667,c37ea936ef52409ff4a79653303bbd30fb96043d8b6b9097175b063794539e5e
greedy,778,1,9809119298,0,0,0,0,0,0,0.980958,e3b0c44298fc1c149afbf4c8996fb92427ae41e4649b934ca495991b7852b855
hybrid,778,1,248928549,1,1,1,4996.62058925,3.3794107538,0.418249092022,10.633041,506de85481602a2a42bcc72805ca41ae552ab33071400ce475d78a48a5872459
greedy,778,1,248928549,1,1,1,4794.02452888,205.975471119,0.349166634003,1.442,559dc0b3cbee42323bb68c5d1cac66f4385a428e8b03c7533b0b2638c6ce2495
hybrid,778,1,2354394561,0,0,0,0,0,0,6.712458,e3b0c44298fc1c149afbf4c8996fb92427ae41e4649b934ca495991b7852b855
greedy,778,1,2354394561,0,0,0,0,0,0,2.303375,e3b0c44298fc1c149afbf4c8996fb92427ae41e4649b934ca495991b7852b855
hybrid,778,1,567463764,0,0,0,0,0,0,3.22475,e3b0c44298fc1c149afbf4c8996fb92427ae41e4649b934ca495991b7852b855
greedy,778,1,567463764,1,1,0,2544.41962429,2455.58037571,0.34627631876,1.995083,fdc1389d984ba6cba135c9712f038c072fea976d87033d5eff3c92959f095d84
hybrid,778,1,2683287960,1,1,1,4703.42195211,296.578047894,0.321290032049,2.478917,2708c7cd5a9117848101bffb2f14d4a28fbb63e5e67f9ab24363f52e80bf353a
greedy,778,1,2683287960,0,0,0,0,0,0,1.233291,e3b0c44298fc1c149afbf4c8996fb92427ae41e4649b934ca495991b7852b855
hybrid,778,1,7698496644,0,0,0,0,0,0,1.877584,e3b0c44298fc1c149afbf4c8996fb92427ae41e4649b934ca495991b7852b855
greedy,778,1,7698496644,1,1,0,1544.82597714,3455.17402286,0.337727886714,0.918375,b9506e3db50e8113f75cff5858de19dd377d8701c5ca3b494fc1ec548e9aa468
hybrid,778,1,246235212,0,0,0,0,0,0,17.013041,e3b0c44298fc1c149afbf4c8996fb92427ae41e4649b934ca495991b7852b855
greedy,778,1,246235212,0,0,0,0,0,0,1.417167,e3b0c44298fc1c149afbf4c8996fb92427ae41e4649b934ca495991b7852b855
hybrid,778,1,6229409992,1,1,1,4548.87364075,451.126359248,0.361991667022,1.161125,65287537a8be8417be5f34bfc7f97c484472557daf5fb1e3cedc9a6cfcd07960
greedy,778,1,6229409992,1,1,1,5089.40961043,89.4096104257,0.35720587424,0.641166,37f6534758428e2de59c68b5480aa62aacb444106be9819368f29c0e9b4f8665
hybrid,778,1,270911813,1,1,0,3635.15428679,1364.84571321,0.385252416126,3.341333,e86cf5b072564e574532a1a1e1d6827b78937ba6585fbb694f631239ef2a8b34
greedy,778,1,270911813,0,0,0,0,0,0,1.101875,e3b0c44298fc1c149afbf4c8996fb92427ae41e4649b934ca495991b7852b855
hybrid,778,1,2652741715,1,1,1,4759.26610557,240.733894428,0.483946860423,3.400666,696ca95b39be1bbff66bdc78956d65457689785c63c2a5c1eb4d7e7d78c7621f
greedy,778,1,2652741715,0,0,0,0,0,0,1.029958,e3b0c44298fc1c149afbf4c8996fb92427ae41e4649b934ca495991b7852b855
hybrid,779,1,278302522,1,1,0,2994.24019172,2005.75980828,0.343402798586,1.820917,b4b8ce87a2e4e4b0819b95ff803884215ef60ea62a50b98c91cc364015c3b1b1
greedy,779,1,278302522,1,1,0,2236.96398043,2763.03601957,0.261440232951,0.811875,df4bc311ef5bf5fdfcaed859e27a62ca84c653c7dcc1000c5739fa5f8a79258f
hybrid,779,1,8837648136,0,0,0,0,0,0,1.097167,e3b0c44298fc1c149afbf4c8996fb92427ae41e4649b934ca495991b7852b855
greedy,779,1,8837648136,1,1,0,1607.61389568,3392.38610432,0.297269352326,0.573375,ae2ce1a42ea2ac4b90aca7d4ecabcb2ad0891b6f2bbe39bb306c031d1b55a603
hybrid,779,1,9946897002,1,1,1,5146.30382701,146.303827006,0.422420861525,9.544,6c58ea08d250054fcb752251a30c6195fbf1eacec8da1f825d03705b00375ac8
greedy,779,1,9946897002,1,1,1,5147.08533115,147.08533115,0.384451196393,2.748625,2bd2af08c95c7be1baceb330395caac638fef1c46c56645ac4be8f67f02c4775
hybrid,779,1,314023765,1,1,1,4947.96514527,52.0348547263,0.34208965807,10.203208,5b8ba4827e792612a64657c561a4ec4036a4841306b4052369be34dc501d3424
greedy,779,1,314023765,1,1,0,2965.52984906,2034.47015094,0.320972527497,1.473125,a6655c8bc2c3b10dc579234371fc0972c2ec22138a22ad84b89f39dec0783931
hybrid,779,1,3485938173,0,0,0,0,0,0,1.241542,e3b0c44298fc1c149afbf4c8996fb92427ae41e4649b934ca495991b7852b855
greedy,779,1,3485938173,0,0,0,0,0,0,0.823416,e3b0c44298fc1c149afbf4c8996fb92427ae41e4649b934ca495991b7852b855
hybrid,779,1,1334768065,1,1,1,5234.69000204,234.690002038,0.445213325372,2.893333,7095b0cad9a9bce33650c882bc8f7ba9785f98d05141e820cf7f614efd2bd2df
greedy,779,1,1334768065,1,1,1,5210.7464308,210.746430805,0.424886118462,0.670083,73948ff3989e723f499d10a6518fb86df958988215e28d74ed27683d76fab220
hybrid,779,1,2476800295,1,1,1,5142.34780588,142.347805878,0.29084823582,7.683125,8488ce957ed3b2223e1e9f280ac1ef84eeb5d84886e4463d336378ef16525023
greedy,779,1,2476800295,1,1,0,3195.05804136,1804.94195864,0.158812731568,2.394125,2bf192e339ed59d4002ae8f80d22cce0bf2944fa70d577a7ad3974b1d19dce35
hybrid,779,1,597453542,0,0,0,0,0,0,1.461833,e3b0c44298fc1c149afbf4c8996fb92427ae41e4649b934ca495991b7852b855
greedy,779,1,597453542,0,0,0,0,0,0,0.844666,e3b0c44298fc1c149afbf4c8996fb92427ae41e4649b934ca495991b7852b855
hybrid,779,1,459514318,1,1,1,5041.15563259,41.1556325922,0.306816294549,8.555542,a6dbd1b9dd4c80558fe8bf958ab4d0624b2f969e43d9b1e0d6f4ab34079b22f4
greedy,779,1,459514318,1,1,0,1571.88133893,3428.11866107,0.306466101738,1.915375,84dea3a04fc1b38664b4ca8a8a920c97a5b22f3139698934569914dfb87306aa
hybrid,779,1,486424567,1,1,1,4950.98349517,49.0165048279,0.389914039968,20.987417,af3bdd7a9e1ea56fd24264592c07d6e4eea1d9998f712517aa689692a3d4a14a
greedy,779,1,486424567,1,1,1,4687.53873864,312.461261362,0.372253800203,3.240875,b034087661676cc81c438a00b634fb3dea748df31793f2ec8cfbe8ef9bbcc938
hybrid,779,1,313295740,1,1,1,4744.38007179,255.61992821,0.402469676981,3.820958,d3117537fcfa125319a7094be1c66ff8803f2b2c8019ea5086f286a0921c057d
greedy,779,1,313295740,1,1,1,5050.91791209,50.9179120914,0.396328164885,1.541834,474c8c9859af41bad063bbfe1d71322f985664bd5f2b5345aa47e8f5ef3c2f4e
hybrid,779,1,9809119298,1,1,1,5029.30849954,29.3084995355,0.430971062967,3.776208,3f556ac962d7b643ea981527f36e6a9560e2bb31efaa1367cd893247144ebb3a
greedy,779,1,9809119298,0,0,0,0,0,0,1.268416,e3b0c44298fc1c149afbf4c8996fb92427ae41e4649b934ca495991b7852b855
hybrid,779,1,248928549,1,1,1,4943.23564834,56.7643516643,0.418014191034,10.498292,7fb3729c4c141c603ce31b110e3f8621deefbfff319b9e5c72ff3a5ef5a7c02e
greedy,779,1,248928549,1,1,1,4849.49156593,150.508434071,0.348902698485,1.579833,6a887069f68d8c04c5a0b2f89cbb2410901c351aeb6d01ecadacc1740e1c2b37
hybrid,779,1,2354394561,1,1,0,3759.71380538,1240.28619462,0.548116042034,7.89475,0e56ee2dc6e524eb1925668a37d9f9a67d18624a74846726b80dea1ab37b805b
greedy,779,1,2354394561,0,0,0,0,0,0,3.195792,e3b0c44298fc1c149afbf4c8996fb92427ae41e4649b934ca495991b7852b855
hybrid,779,1,567463764,1,1,0,2420.02219486,2579.97780514,0.339777930471,3.388542,1a1de44ed3c305d19ac453a4219b36c3626a78d42ba05a7d1571d6acc012b051
greedy,779,1,567463764,1,1,0,2420.02219486,2579.97780514,0.339777930471,2.567333,1a1de44ed3c305d19ac453a4219b36c3626a78d42ba05a7d1571d6acc012b051
hybrid,779,1,2683287960,1,1,1,4897.58897092,102.411029075,0.341847299944,2.871458,b418acff64eaf5860275d96908795fb1469aad694ce8d05edc6b1c953f2fec70
greedy,779,1,2683287960,0,0,0,0,0,0,2.041333,e3b0c44298fc1c149afbf4c8996fb92427ae41e4649b934ca495991b7852b855
hybrid,779,1,7698496644,0,0,0,0,0,0,2.150833,e3b0c44298fc1c149afbf4c8996fb92427ae41e4649b934ca495991b7852b855
greedy,779,1,7698496644,0,0,0,0,0,0,1.194083,e3b0c44298fc1c149afbf4c8996fb92427ae41e4649b934ca495991b7852b855
hybrid,779,1,246235212,0,0,0,0,0,0,19.991583,e3b0c44298fc1c149afbf4c8996fb92427ae41e4649b934ca495991b7852b855
greedy,779,1,246235212,0,0,0,0,0,0,1.455917,e3b0c44298fc1c149afbf4c8996fb92427ae41e4649b934ca495991b7852b855
hybrid,779,1,6229409992,1,1,1,4569.70537443,430.29462557,0.358230809115,1.219292,03930feb53f35a6d3d4f55e42490584274bffc66212aa0744bad45e48a5a9ef0
greedy,779,1,6229409992,1,1,1,5089.40961043,89.4096104257,0.35720587424,0.826084,37f6534758428e2de59c68b5480aa62aacb444106be9819368f29c0e9b4f8665
hybrid,779,1,270911813,1,1,0,4302.07288659,697.927113412,0.369245343682,3.899333,3510a7dc8e8dd3a99914c20267e1797fb0eae46b669e3ca284c01aceaf92b9ad
greedy,779,1,270911813,0,0,0,0,0,0,1.335542,e3b0c44298fc1c149afbf4c8996fb92427ae41e4649b934ca495991b7852b855
hybrid,779,1,2652741715,1,1,1,4663.07329437,336.926705627,0.502253696519,3.209417,bbc1bafb56c62477325b7f6b347d32a264e3e65437e59f653cf5ee07c88022fa
greedy,779,1,2652741715,0,0,0,0,0,0,0.961167,e3b0c44298fc1c149afbf4c8996fb92427ae41e4649b934ca495991b7852b855
greedy,777,2,278302522,1,1,0,2306.38393124,2693.61606876,0.196326007375,1.424833,b5c17efb0e73862525bf5009e15bf836fa9e1628ddb3e55f1caa01cfd9edc410
hybrid,777,2,278302522,1,1,0,3165.99130397,1834.00869603,0.317419810541,1.213125,4853dfb0b366cc3bce21083779ae8e029d81607775faddd0eb61bffd7b7a021d
greedy,777,2,8837648136,1,1,0,1607.61389568,3392.38610432,0.297269352326,1.090667,ae2ce1a42ea2ac4b90aca7d4ecabcb2ad0891b6f2bbe39bb306c031d1b55a603
hybrid,777,2,8837648136,1,1,0,1607.61389568,3392.38610432,0.297269352326,0.647917,ae2ce1a42ea2ac4b90aca7d4ecabcb2ad0891b6f2bbe39bb306c031d1b55a603
greedy,777,2,9946897002,1,1,1,5027.72329037,27.7232903708,0.361204474406,2.7855,900b4e5d9a7893e395e7bc3835754d79fbc1b05bbe739f04566474ea7ed36f9c
hybrid,777,2,9946897002,1,1,1,4988.48016023,11.5198397725,0.407771338705,9.968709,b359f1beccc06fe1a87965f61de889c10ca7598b4be15bcd6982e2d2b5475b16
greedy,777,2,314023765,1,1,0,1722.97244951,3277.02755049,0.173899231403,2.241708,5ea790f63ca5890907499f00104731dd666369b94a291d2e88cfe758dbd0e470
hybrid,777,2,314023765,1,1,1,5040.03884168,40.0388416844,0.322634810431,9.680833,72def6829e73f9b761120bd6ef35db9b994dfeffe8e7d53448c8da034f70d0dd
greedy,777,2,3485938173,0,0,0,0,0,0,1.310417,e3b0c44298fc1c149afbf4c8996fb92427ae41e4649b934ca495991b7852b855
hybrid,777,2,3485938173,0,0,0,0,0,0,0.836042,e3b0c44298fc1c149afbf4c8996fb92427ae41e4649b934ca495991b7852b855
greedy,777,2,1334768065,1,1,1,5136.61615547,136.616155472,0.306442458922,1.162708,9c6c66e0fb6c64d1646e9a01c644cd9c949ec5589d442ff3e3c649ebb27da5a8
hybrid,777,2,1334768065,1,1,1,5234.69000204,234.690002038,0.445213325372,2.596292,7095b0cad9a9bce33650c882bc8f7ba9785f98d05141e820cf7f614efd2bd2df
greedy,777,2,2476800295,1,1,0,3496.10190966,1503.89809034,0.150032252064,3.255458,10e4e625cec74d271fbc9e397ee58ed3b8c9ec8913f47e9933ef97b827777093
hybrid,777,2,2476800295,1,1,1,4942.71056686,57.2894331403,0.303368557529,6.52225,4293f0504b0537edf5f6e441a8c72c1f7f33da0e92817da3304bad515b8053ae
greedy,777,2,597453542,0,0,0,0,0,0,1.427708,e3b0c44298fc1c149afbf4c8996fb92427ae41e4649b934ca495991b7852b855
hybrid,777,2,597453542,0,0,0,0,0,0,0.763625,e3b0c44298fc1c149afbf4c8996fb92427ae41e4649b934ca495991b7852b855
greedy,777,2,459514318,1,1,0,1528.41326565,3471.58673435,0.302668397671,2.154375,3db75ca3e0a0ad189fbaadb49022fa6c7bfcf11bc9ebd5b0e000064d9f1a7421
hybrid,777,2,459514318,1,1,1,5022.06555276,22.0655527582,0.315749387453,7.59425,6dd400cc05346f5048cafe5275aeb38a36323cbae86fceb1f6773aa3bd7b23e7
greedy,777,2,486424567,1,1,1,5153.02184274,153.021842738,0.405878395335,3.877292,43bfd91bbc64a7aff2441d06ee2f19a74b8dd7a0ddd4db38904c693f14c49774
hybrid,777,2,486424567,1,1,1,5133.49668112,133.496681119,0.386225378217,16.385792,109d21425c6bc7fa9e43c8f97ae8b118c4a84e44e4f24c517d804ab9d9b73c44
greedy,777,2,313295740,1,1,1,4884.34924175,115.650758246,0.401430057882,1.876042,f72e2397ec58fb9300a9519f63a7f86532dbb3e9f035531dcb0812af9a8a4f59
hybrid,777,2,313295740,1,1,1,4884.34924175,115.650758246,0.401430057882,3.366542,f72e2397ec58fb9300a9519f63a7f86532dbb3e9f035531dcb0812af9a8a4f59
greedy,777,2,9809119298,0,0,0,0,0,0,1.918625,e3b0c44298fc1c149afbf4c8996fb92427ae41e4649b934ca495991b7852b855
hybrid,777,2,9809119298,1,1,1,4789.91892457,210.081075428,0.4629841897,2.339584,787807e540cf2bec90b98d7279ecb86ed5c645b0fcd3ccfe3223b3b83a70ddf3
greedy,777,2,248928549,1,1,1,5359.50923357,359.509233567,0.3588153473,2.537291,1915741869f6236b87929828506245c72f35ff6447f7a7c938dc45d524807ec3
hybrid,777,2,248928549,1,1,1,4996.62058925,3.3794107538,0.418249092022,9.170833,ce5325ccc6f50796bbd1f6f888eff15821488727b2828ae7d380403e935d0452
greedy,777,2,2354394561,0,0,0,0,0,0,4.727334,e3b0c44298fc1c149afbf4c8996fb92427ae41e4649b934ca495991b7852b855
hybrid,777,2,2354394561,1,1,0,3601.00399871,1398.99600129,0.556801957463,4.452709,7c78e84a372a09d0fd4217b982e24723c66f29741ad3796539cb388bcb9b29fc
greedy,777,2,567463764,1,1,0,2420.02219486,2579.97780514,0.339777930471,3.145583,1a1de44ed3c305d19ac453a4219b36c3626a78d42ba05a7d1571d6acc012b051
hybrid,777,2,567463764,1,1,0,2420.02219486,2579.97780514,0.333579640211,1.9125,c37218405fe4574248b625f8fae2f6bddc8df66177d334b0147e546f75b762dd
greedy,777,2,2683287960,0,0,0,0,0,0,2.141875,e3b0c44298fc1c149afbf4c8996fb92427ae41e4649b934ca495991b7852b855
hybrid,777,2,2683287960,1,1,1,4897.58897092,102.411029075,0.341847299944,1.701625,b418acff64eaf5860275d96908795fb1469aad694ce8d05edc6b1c953f2fec70
greedy,777,2,7698496644,0,0,0,0,0,0,1.844666,e3b0c44298fc1c149afbf4c8996fb92427ae41e4649b934ca495991b7852b855
hybrid,777,2,7698496644,0,0,0,0,0,0,1.070541,e3b0c44298fc1c149afbf4c8996fb92427ae41e4649b934ca495991b7852b855
greedy,777,2,246235212,0,0,0,0,0,0,1.824875,e3b0c44298fc1c149afbf4c8996fb92427ae41e4649b934ca495991b7852b855
hybrid,777,2,246235212,0,0,0,0,0,0,20.136709,e3b0c44298fc1c149afbf4c8996fb92427ae41e4649b934ca495991b7852b855
greedy,777,2,6229409992,1,1,1,5110.2413441,110.241344104,0.353862330349,1.223333,abc4817f044cbdad55f984069cf779e78f8ce2080e6d4075e0ede9c647f383ee
hybrid,777,2,6229409992,1,1,0,2004.72805719,2995.27194281,0.392016741442,0.646458,c46b99076c01b73da409f96186a17ccd4c5a0c301a65d07db19005b268bda394
greedy,777,2,270911813,0,0,0,0,0,0,1.989959,e3b0c44298fc1c149afbf4c8996fb92427ae41e4649b934ca495991b7852b855
hybrid,777,2,270911813,1,1,0,3816.79662091,1183.20337909,0.375682589442,2.385584,0c826fe715072ccb10f875a4063b36ec9157cd425146beea30e7587033b5f6b0
greedy,777,2,2652741715,1,1,0,1834.31063414,3165.68936586,0.384772068954,1.735708,b5807ec93efd35afdb545646653db2eafb219f3e5f6411693dfadf1cb2f49256
hybrid,777,2,2652741715,1,1,1,4651.28565631,348.714343694,0.502588863787,2.606334,7fd88c138fcf42140aa2f66ac533f448ec58de733e68a92e74c170643e8a26ee
greedy,778,2,278302522,1,1,0,2806.83003404,2193.16996596,0.191291861183,1.573,6f756fad274a471336f2ea6274f516d93adbd740c0d2b9372aee7f454c271d78
hybrid,778,2,278302522,1,1,0,2956.17164931,2043.82835069,0.339583323779,1.602208,616833ef40858130d88d44ac4495663ceeb77d972df4e05a9385a7fc71d1754e
greedy,778,2,8837648136,1,1,0,1607.61389568,3392.38610432,0.297269352326,1.207833,ae2ce1a42ea2ac4b90aca7d4ecabcb2ad0891b6f2bbe39bb306c031d1b55a603
hybrid,778,2,8837648136,1,1,0,1607.61389568,3392.38610432,0.297269352326,0.729584,ae2ce1a42ea2ac4b90aca7d4ecabcb2ad0891b6f2bbe39bb306c031d1b55a603
greedy,778,2,9946897002,1,1,1,4646.63245337,353.36754663,0.369154401823,2.455958,76b74006b3efba0c52a6450fd2feb35205879939d22029a5b720c604e738412d
hybrid,778,2,9946897002,1,1,1,5018.14661089,18.1466108865,0.418868852629,9.851542,7477d00fb10c642baf2774a20c659caeafddfc26ea172362dcabba1aba6711f0
greedy,778,2,314023765,1,1,0,2863.24055325,2136.75944675,0.300323462267,2.142541,14ac973c1ddd7b247dcf22c81b305a18bb677863981d6bdacdc085f7230065ed
hybrid,778,2,314023765,1,1,1,4897.90547649,102.094523513,0.343183216314,8.630708,4cd2f682002c7fb569606527623b7dc7d50a7ef6b864cd2cdf62d74e35128cd6
greedy,778,2,3485938173,0,0,0,0,0,0,1.4355,e3b0c44298fc1c149afbf4c8996fb92427ae41e4649b934ca495991b7852b855
hybrid,778,2,3485938173,0,0,0,0,0,0,1.050917,e3b0c44298fc1c149afbf4c8996fb92427ae41e4649b934ca495991b7852b855
greedy,778,2,1334768065,0,0,0,0,0,0,1.15175,e3b0c44298fc1c149afbf4c8996fb92427ae41e4649b934ca495991b7852b855
hybrid,778,2,1334768065,1,1,1,5001.64499689,1.64499689259,0.408834902267,2.326708,54f9d1771c891c2d43be6a60e39808cd6ed01956073cc68c094dd593dc5c906c
greedy,778,2,2476800295,1,1,0,3268.99554591,1731.00445409,0.166935211283,3.405541,056cad2090d0e5e355711c006a670511d31ae975a5427d56116d8593bf0d5cc3
hybrid,778,2,2476800295,1,1,1,4942.71056686,57.2894331403,0.303368557529,8.667208,4293f0504b0537edf5f6e441a8c72c1f7f33da0e92817da3304bad515b8053ae
greedy,778,2,597453542,0,0,0,0,0,0,1.491334,e3b0c44298fc1c149afbf4c8996fb92427ae41e4649b934ca495991b7852b855
hybrid,778,2,597453542,0,0,0,0,0,0,0.804625,e3b0c44298fc1c149afbf4c8996fb92427ae41e4649b934ca495991b7852b855
greedy,778,2,459514318,1,1,0,1571.88133893,3428.11866107,0.306466101738,2.122916,84dea3a04fc1b38664b4ca8a8a920c97a5b22f3139698934569914dfb87306aa
hybrid,778,2,459514318,1,1,1,5041.15563259,41.1556325922,0.306816294549,6.97275,90e6d30400c7e96e399271f67fd0778039469b58ebab581b23e25f7800da6016
greedy,778,2,486424567,1,1,1,5385.71055392,385.710553925,0.315170186285,4.516042,413a1c4110cd926b3d224c9ef46921602074b7c69e8ac132bfd4135ab1acdfc5
hybrid,778,2,486424567,1,1,1,4950.3337517,49.6662482952,0.391210322433,20.606625,4c191004df02a03317358f90591472250b4c6189ce7739506c0a5465b227e6e3
greedy,778,2,313295740,1,1,1,4830.88279336,169.117206638,0.398270470387,1.786541,0c1322ea2afaab87299f4121027df2ce4a16f7601b51a279f70a03be45ec4ff0
hybrid,778,2,313295740,1,1,1,4958.18066182,41.8193381824,0.404088013575,3.139208,679c9a34bd862411b55f4766757054ec3316222eef46a9f0766e1efdbdc74e00
greedy,778,2,9809119298,0,0,0,0,0,0,1.858708,e3b0c44298fc1c149afbf4c8996fb92427ae41e4649b934ca495991b7852b855
hybrid,778,2,9809119298,1,1,1,5138.15228901,138.152289012,0.437153761242,2.3695,c37ea936ef52409ff4a79653303bbd30fb96043d8b6b9097175b063794539e5e
greedy,778,2,248928549,1,1,1,4794.02452888,205.975471119,0.349166634003,2.120542,559dc0b3cbee42323bb68c5d1cac66f4385a428e8b03c7533b0b2638c6ce2495
hybrid,778,2,248928549,1,1,1,4996.62058925,3.3794107538,0.418249092022,9.4885,506de85481602a2a42bcc72805ca41ae552ab33071400ce475d78a48a5872459
greedy,778,2,2354394561,0,0,0,0,0,0,3.169792,e3b0c44298fc1c149afbf4c8996fb92427ae41e4649b934ca495991b7852b855
hybrid,778,2,2354394561,0,0,0,0,0,0,5.473916,e3b0c44298fc1c149afbf4c8996fb92427ae41e4649b934ca495991b7852b855
greedy,778,2,567463764,1,1,0,2544.41962429,2455.58037571,0.34627631876,3.16475,fdc1389d984ba6cba135c9712f038c072fea976d87033d5eff3c92959f095d84
hybrid,778,2,567463764,0,0,0,0,0,0,2.422375,e3b0c44298fc1c149afbf4c8996fb92427ae41e4649b934ca495991b7852b855
greedy,778,2,2683287960,0,0,0,0,0,0,2.104208,e3b0c44298fc1c149afbf4c8996fb92427ae41e4649b934ca495991b7852b855
hybrid,778,2,2683287960,1,1,1,4703.42195211,296.578047894,0.321290032049,1.462708,2708c7cd5a9117848101bffb2f14d4a28fbb63e5e67f9ab24363f52e80bf353a
greedy,778,2,7698496644,1,1,0,1544.82597714,3455.17402286,0.337727886714,1.821584,b9506e3db50e8113f75cff5858de19dd377d8701c5ca3b494fc1ec548e9aa468
hybrid,778,2,7698496644,0,0,0,0,0,0,1.150833,e3b0c44298fc1c149afbf4c8996fb92427ae41e4649b934ca495991b7852b855
greedy,778,2,246235212,0,0,0,0,0,0,1.688959,e3b0c44298fc1c149afbf4c8996fb92427ae41e4649b934ca495991b7852b855
hybrid,778,2,246235212,0,0,0,0,0,0,16.52875,e3b0c44298fc1c149afbf4c8996fb92427ae41e4649b934ca495991b7852b855
greedy,778,2,6229409992,1,1,1,5089.40961043,89.4096104257,0.35720587424,1.201459,37f6534758428e2de59c68b5480aa62aacb444106be9819368f29c0e9b4f8665
hybrid,778,2,6229409992,1,1,1,4548.87364075,451.126359248,0.361991667022,0.61,65287537a8be8417be5f34bfc7f97c484472557daf5fb1e3cedc9a6cfcd07960
greedy,778,2,270911813,0,0,0,0,0,0,1.919666,e3b0c44298fc1c149afbf4c8996fb92427ae41e4649b934ca495991b7852b855
hybrid,778,2,270911813,1,1,0,3635.15428679,1364.84571321,0.385252416126,2.560875,e86cf5b072564e574532a1a1e1d6827b78937ba6585fbb694f631239ef2a8b34
greedy,778,2,2652741715,0,0,0,0,0,0,1.69125,e3b0c44298fc1c149afbf4c8996fb92427ae41e4649b934ca495991b7852b855
hybrid,778,2,2652741715,1,1,1,4759.26610557,240.733894428,0.483946860423,2.542916,696ca95b39be1bbff66bdc78956d65457689785c63c2a5c1eb4d7e7d78c7621f
greedy,779,2,278302522,1,1,0,2236.96398043,2763.03601957,0.261440232951,1.47,df4bc311ef5bf5fdfcaed859e27a62ca84c653c7dcc1000c5739fa5f8a79258f
hybrid,779,2,278302522,1,1,0,2994.24019172,2005.75980828,0.343402798586,1.155375,b4b8ce87a2e4e4b0819b95ff803884215ef60ea62a50b98c91cc364015c3b1b1
greedy,779,2,8837648136,1,1,0,1607.61389568,3392.38610432,0.297269352326,1.228083,ae2ce1a42ea2ac4b90aca7d4ecabcb2ad0891b6f2bbe39bb306c031d1b55a603
hybrid,779,2,8837648136,0,0,0,0,0,0,0.696167,e3b0c44298fc1c149afbf4c8996fb92427ae41e4649b934ca495991b7852b855
greedy,779,2,9946897002,1,1,1,5147.08533115,147.08533115,0.384451196393,3.318917,2bd2af08c95c7be1baceb330395caac638fef1c46c56645ac4be8f67f02c4775
hybrid,779,2,9946897002,1,1,1,5146.30382701,146.303827006,0.422420861525,9.196708,6c58ea08d250054fcb752251a30c6195fbf1eacec8da1f825d03705b00375ac8
greedy,779,2,314023765,1,1,0,2965.52984906,2034.47015094,0.320972527497,2.06,a6655c8bc2c3b10dc579234371fc0972c2ec22138a22ad84b89f39dec0783931
hybrid,779,2,314023765,1,1,1,4947.96514527,52.0348547263,0.34208965807,9.180708,5b8ba4827e792612a64657c561a4ec4036a4841306b4052369be34dc501d3424
greedy,779,2,3485938173,0,0,0,0,0,0,1.340708,e3b0c44298fc1c149afbf4c8996fb92427ae41e4649b934ca495991b7852b855
hybrid,779,2,3485938173,0,0,0,0,0,0,0.867375,e3b0c44298fc1c149afbf4c8996fb92427ae41e4649b934ca495991b7852b855
greedy,779,2,1334768065,1,1,1,5210.7464308,210.746430805,0.424886118462,1.284666,73948ff3989e723f499d10a6518fb86df958988215e28d74ed27683d76fab220
hybrid,779,2,1334768065,1,1,1,5234.69000204,234.690002038,0.445213325372,2.723666,7095b0cad9a9bce33650c882bc8f7ba9785f98d05141e820cf7f614efd2bd2df
greedy,779,2,2476800295,1,1,0,3195.05804136,1804.94195864,0.158812731568,3.875459,2bf192e339ed59d4002ae8f80d22cce0bf2944fa70d577a7ad3974b1d19dce35
hybrid,779,2,2476800295,1,1,1,5142.34780588,142.347805878,0.29084823582,8.390958,8488ce957ed3b2223e1e9f280ac1ef84eeb5d84886e4463d336378ef16525023
greedy,779,2,597453542,0,0,0,0,0,0,1.804375,e3b0c44298fc1c149afbf4c8996fb92427ae41e4649b934ca495991b7852b855
hybrid,779,2,597453542,0,0,0,0,0,0,1.086708,e3b0c44298fc1c149afbf4c8996fb92427ae41e4649b934ca495991b7852b855
greedy,779,2,459514318,1,1,0,1571.88133893,3428.11866107,0.306466101738,2.206208,84dea3a04fc1b38664b4ca8a8a920c97a5b22f3139698934569914dfb87306aa
hybrid,779,2,459514318,1,1,1,5041.15563259,41.1556325922,0.306816294549,8.156375,a6dbd1b9dd4c80558fe8bf958ab4d0624b2f969e43d9b1e0d6f4ab34079b22f4
greedy,779,2,486424567,1,1,1,4687.53873864,312.461261362,0.372253800203,4.426583,b034087661676cc81c438a00b634fb3dea748df31793f2ec8cfbe8ef9bbcc938
hybrid,779,2,486424567,1,1,1,4950.98349517,49.0165048279,0.389914039968,20.771084,af3bdd7a9e1ea56fd24264592c07d6e4eea1d9998f712517aa689692a3d4a14a
greedy,779,2,313295740,1,1,1,5050.91791209,50.9179120914,0.396328164885,1.92175,474c8c9859af41bad063bbfe1d71322f985664bd5f2b5345aa47e8f5ef3c2f4e
hybrid,779,2,313295740,1,1,1,4744.38007179,255.61992821,0.402469676981,3.222125,d3117537fcfa125319a7094be1c66ff8803f2b2c8019ea5086f286a0921c057d
greedy,779,2,9809119298,0,0,0,0,0,0,2.049834,e3b0c44298fc1c149afbf4c8996fb92427ae41e4649b934ca495991b7852b855
hybrid,779,2,9809119298,1,1,1,5029.30849954,29.3084995355,0.430971062967,2.53025,3f556ac962d7b643ea981527f36e6a9560e2bb31efaa1367cd893247144ebb3a
greedy,779,2,248928549,1,1,1,4849.49156593,150.508434071,0.348902698485,2.168042,6a887069f68d8c04c5a0b2f89cbb2410901c351aeb6d01ecadacc1740e1c2b37
hybrid,779,2,248928549,1,1,1,4943.23564834,56.7643516643,0.418014191034,10.55225,7fb3729c4c141c603ce31b110e3f8621deefbfff319b9e5c72ff3a5ef5a7c02e
greedy,779,2,2354394561,0,0,0,0,0,0,3.226125,e3b0c44298fc1c149afbf4c8996fb92427ae41e4649b934ca495991b7852b855
hybrid,779,2,2354394561,1,1,0,3759.71380538,1240.28619462,0.548116042034,7.25675,0e56ee2dc6e524eb1925668a37d9f9a67d18624a74846726b80dea1ab37b805b
greedy,779,2,567463764,1,1,0,2420.02219486,2579.97780514,0.339777930471,3.246792,1a1de44ed3c305d19ac453a4219b36c3626a78d42ba05a7d1571d6acc012b051
hybrid,779,2,567463764,1,1,0,2420.02219486,2579.97780514,0.339777930471,3.1055,1a1de44ed3c305d19ac453a4219b36c3626a78d42ba05a7d1571d6acc012b051
greedy,779,2,2683287960,0,0,0,0,0,0,2.232209,e3b0c44298fc1c149afbf4c8996fb92427ae41e4649b934ca495991b7852b855
hybrid,779,2,2683287960,1,1,1,4897.58897092,102.411029075,0.341847299944,1.491375,b418acff64eaf5860275d96908795fb1469aad694ce8d05edc6b1c953f2fec70
greedy,779,2,7698496644,0,0,0,0,0,0,2.142625,e3b0c44298fc1c149afbf4c8996fb92427ae41e4649b934ca495991b7852b855
hybrid,779,2,7698496644,0,0,0,0,0,0,1.721959,e3b0c44298fc1c149afbf4c8996fb92427ae41e4649b934ca495991b7852b855
greedy,779,2,246235212,0,0,0,0,0,0,1.803833,e3b0c44298fc1c149afbf4c8996fb92427ae41e4649b934ca495991b7852b855
hybrid,779,2,246235212,0,0,0,0,0,0,18.901833,e3b0c44298fc1c149afbf4c8996fb92427ae41e4649b934ca495991b7852b855
greedy,779,2,6229409992,1,1,1,5089.40961043,89.4096104257,0.35720587424,1.304667,37f6534758428e2de59c68b5480aa62aacb444106be9819368f29c0e9b4f8665
hybrid,779,2,6229409992,1,1,1,4569.70537443,430.29462557,0.358230809115,0.798334,03930feb53f35a6d3d4f55e42490584274bffc66212aa0744bad45e48a5a9ef0
greedy,779,2,270911813,0,0,0,0,0,0,2.124416,e3b0c44298fc1c149afbf4c8996fb92427ae41e4649b934ca495991b7852b855
hybrid,779,2,270911813,1,1,0,4302.07288659,697.927113412,0.369245343682,3.129625,3510a7dc8e8dd3a99914c20267e1797fb0eae46b669e3ca284c01aceaf92b9ad
greedy,779,2,2652741715,0,0,0,0,0,0,1.65625,e3b0c44298fc1c149afbf4c8996fb92427ae41e4649b934ca495991b7852b855
hybrid,779,2,2652741715,1,1,1,4663.07329437,336.926705627,0.502253696519,2.595375,bbc1bafb56c62477325b7f6b347d32a264e3e65437e59f653cf5ee07c88022fa
